<?xml version="1.0" encoding="UTF-8"?>
<project-private xmlns="http://www.netbeans.org/ns/project-private/1">
    <editor-bookmarks xmlns="http://www.netbeans.org/ns/editor-bookmarks/2" lastBookmarkId="0"/>
    <open-files xmlns="http://www.netbeans.org/ns/projectui-open-files/2">
        <group>
            <file>file:/home/carlos/NetBeansProjects/JavaAdvSabadoMañana/Clase05/src/ejercicio/Vehiculo.java</file>
            <file>file:/home/carlos/NetBeansProjects/JavaAdvSabadoMañana/Clase05/src/ejercicio/Auto.java</file>
            <file>file:/home/carlos/NetBeansProjects/JavaAdvSabadoMañana/Clase05/src/ejercicio/App.java</file>
            <file>file:/home/carlos/NetBeansProjects/JavaAdvSabadoMañana/Clase05/src/ejercicio/VehiculoRepository.java</file>
            <file>file:/home/carlos/NetBeansProjects/JavaAdvSabadoMañana/Clase05/src/certificacion/_C.java</file>
            <file>file:/home/carlos/NetBeansProjects/JavaAdvSabadoMañana/Clase05/src/clase04/Hola.java</file>
            <file>file:/home/carlos/NetBeansProjects/JavaAdvSabadoMañana/Clase05/src/certificacion/Clases.java</file>
            <file>file:/home/carlos/NetBeansProjects/JavaAdvSabadoMañana/Clase05/src/ejercicio/Moto.java</file>
            <file>file:/home/carlos/NetBeansProjects/JavaAdvSabadoMañana/Clase05/src/certificacion/Examen.java</file>
            <file>file:/home/carlos/NetBeansProjects/JavaAdvSabadoMañana/Clase05/src/ejercicio/I_VehiculoRepository.java</file>
        </group>
    </open-files>
</project-private>
